id,classname,method_signature,package,suffix,num_file,num_line,num_function,num_class
/home/yibo/Desktop/TestGeneration/PyUnit/ProjectEval/ckmeans.js,ckmeans,ckmeans,original,,4,364,0,0
/home/yibo/Desktop/TestGeneration/PyUnit/ProjectEval/validate.js,validate,validate,original,,2,37,0,6
/home/yibo/Desktop/TestGeneration/PyUnit/ProjectEval/convex.js,convex,convex,original,,6,1878,0,6
/home/yibo/Desktop/TestGeneration/PyUnit/ProjectEval/spherical.js,spherical,spherical,original,,2,448,0,1
/home/yibo/Desktop/TestGeneration/PyUnit/ProjectEval/circle.js,circle,circle,original,,4,1068,0,5
/home/yibo/Desktop/TestGeneration/PyUnit/ProjectEval/pixelrender.js,pixelrender,pixelrender,original,,9,794,0,7
/home/yibo/Desktop/TestGeneration/PyUnit/ProjectEval/solver.js,solver,solver,original,,2,242,0,4
/home/yibo/Desktop/TestGeneration/PyUnit/ProjectEval/aggregate.js,aggregate,aggregate,original,,2,32,0,1
/home/yibo/Desktop/TestGeneration/PyUnit/ProjectEval/overlapkeeper.js,overlapkeeper,overlapkeeper,original,,6,539,0,5
/home/yibo/Desktop/TestGeneration/PyUnit/ProjectEval/synergy.js,synergy,synergy,original,,5,374,0,0
/home/yibo/Desktop/TestGeneration/PyUnit/ProjectEval/easing.js,easing,easing,original,,2,341,0,1
/home/yibo/Desktop/TestGeneration/PyUnit/ProjectEval/check.js,check,check,original,,2,78,0,10
/home/yibo/Desktop/TestGeneration/PyUnit/ProjectEval/animation.js,animation,animation,original,,2,911,0,1
/home/yibo/Desktop/TestGeneration/PyUnit/ProjectEval/controls.js,controls,controls,original,,2,119,0,2
/home/yibo/Desktop/TestGeneration/PyUnit/ProjectEval/particle.js,particle,particle,original,,4,963,0,5
/home/yibo/Desktop/TestGeneration/PyUnit/ProjectEval/zone.js,zone,zone,original,,3,223,0,2
/home/yibo/Desktop/TestGeneration/PyUnit/ProjectEval/magnetic.js,magnetic,magnetic,original,,7,949,0,7
/home/yibo/Desktop/TestGeneration/PyUnit/ProjectEval/plane.js,plane,plane,original,,4,1052,0,5
/home/yibo/Desktop/TestGeneration/PyUnit/ProjectEval/span.js,span,span,original,,6,536,0,3
/home/yibo/Desktop/TestGeneration/PyUnit/ProjectEval/t_test.js,t_test,t_test,original,,6,213,0,0
